mae_mean,rmse_mean,rsq_mean,territorial_authority,category
9.035187387466431,11.03180958060836,0.10858763722711755,Far North District,All buildings
8.855633370081584,10.894165938040732,0.14122924697958844,Far North District,All construction
0.3612552377170303,0.8211152692094926,0.08569149680588921,Far North District,Apartments
4.570975347784245,6.602619430645417,0.08266557602528508,Far North District,"Apartments, townhouses, units, and other dwellings"
0.8417198649711078,1.0072089498990249,0.09621102688066491,Far North District,Commercial buildings
7.685989952087402,9.640749633452256,0.12332311645582462,Far North District,Dwelling units
0.6441675129113719,0.8112766431272626,0.08756035160968889,Far North District,Education buildings
0.5655334998510726,0.7253022368850549,0.08791579995972114,Far North District,Factories and industrial buildings
1.1036642932436533,1.368187627003766,0.1278764186356519,Far North District,"Factories, industrial, and storage buildings"
2.707105565071106,3.381741470278731,0.09224789915337808,Far North District,Farm buildings
0.29075199158194465,0.3992167983427084,0.11944932980644346,Far North District,"Hospitals, nursing homes, and other health buildings"
0.14051954951254098,0.21610916571217328,0.10233400018342449,Far North District,"Hostels, boarding houses, and prisons"
0.5275592070370395,0.6797812912978045,0.051542000101246675,Far North District,"Hotels, motels, and other short-term accommodation"
0.6476986982976086,0.8022223969604569,0.06879609761350701,Far North District,"Hotels, motels, boarding houses, and prisons"
5.943271176020304,7.349343331312499,0.055285708777000855,Far North District,Houses
3.1232584873835245,3.7951706054627836,0.06801252433260298,Far North District,Non-residential buildings
0.43182461763369956,0.563138621580316,0.07303485336089684,Far North District,"Office, administration, and public transport buildings"
7.660781680213081,9.632701147448373,0.1506024384898503,Far North District,Residential buildings
3.614237854778973,5.33429611531815,0.14606173882964224,Far North District,Retirement village units
0.6139429663012076,0.7566153544751615,0.0809330341414772,Far North District,"Shops, restaurants, and bars"
0.6406017353344294,0.7926090660034951,0.03772511709883009,Far North District,"Social, cultural, and religious buildings"
1.0036523356697418,1.237928066309154,0.11781531688161981,Far North District,Storage buildings
2.3200052816576013,3.717940370554696,0.08752801142696173,Far North District,"Townhouses, flats, units, and other dwellings"
6.255707316928439,8.878345326734285,0.09601867398600608,Gisborne District,All buildings
6.26285150580936,8.87180823825546,0.0718543935545565,Gisborne District,All construction
1.2071892505063033,1.844657117872632,0.015426909167605314,Gisborne District,Apartments
4.048234763762189,6.133612408276424,0.06850048905095987,Gisborne District,"Apartments, townhouses, units, and other dwellings"
0.581981605654841,0.7504498594895778,0.05873846668332659,Gisborne District,Commercial buildings
5.121332118246291,7.358681302213254,0.12558226676400502,Gisborne District,Dwelling units
0.6432194712277528,0.8040644174252393,0.04283934306085775,Gisborne District,Education buildings
1.038286882865941,1.260430632346435,0.1043736564843655,Gisborne District,Factories and industrial buildings
1.2505474807409984,1.5375100273115183,0.060495150642976,Gisborne District,"Factories, industrial, and storage buildings"
1.5351513812111484,1.8995024554292919,0.09213336281218018,Gisborne District,Farm buildings
0.2677282341548966,0.40505739726955775,0.06510208400462708,Gisborne District,"Hospitals, nursing homes, and other health buildings"
0.12236598254760368,0.1916178567312751,0.01914029502833551,Gisborne District,"Hostels, boarding houses, and prisons"
0.18933998430162421,0.29596776213872644,0.20167840537310258,Gisborne District,"Hotels, motels, and other short-term accommodation"
0.22963367594161688,0.3353209479486748,0.1088359934897013,Gisborne District,"Hotels, motels, boarding houses, and prisons"
2.6709654053052265,3.3910630359550655,0.09317482145187844,Gisborne District,Houses
3.1193263471126556,3.7849384354124953,0.08100229530497946,Gisborne District,Non-residential buildings
0.4146675502939413,0.5565159568604628,0.06562062615600205,Gisborne District,"Office, administration, and public transport buildings"
5.050394761562347,7.28991650818622,0.1204201680230886,Gisborne District,Residential buildings
2.282745231713432,3.9295622480307095,0.11525730475472454,Gisborne District,Retirement village units
0.3782913095317781,0.5028005999278167,0.08758112664221464,Gisborne District,"Shops, restaurants, and bars"
2.346445552605049,2.9872633202625547,0.11517649384234709,Gisborne District,"Social, cultural, and religious buildings"
0.5724157941398315,0.7281773307189755,0.09909827500742843,Gisborne District,Storage buildings
2.1888525814096083,2.9190256687981937,0.10478102797511604,Gisborne District,"Townhouses, flats, units, and other dwellings"
27.70377525753445,34.698979716188695,0.10923645686174695,Hamilton City,All buildings
27.623526679144966,34.58006590620438,0.10550753094993669,Hamilton City,All construction
7.689964615408745,10.061599318774967,0.07080459359997453,Hamilton City,Apartments
21.929651929272545,27.163120769038702,0.10666796805950844,Hamilton City,"Apartments, townhouses, units, and other dwellings"
1.3561411579036051,1.7204641447325677,0.04637984104397834,Hamilton City,Commercial buildings
27.55700593524509,34.057459828682006,0.10514740093539025,Hamilton City,Dwelling units
0.9435166719013877,1.1619012067780843,0.10315328389614649,Hamilton City,Education buildings
1.0415196891925815,1.2676501763729795,0.09459148832672437,Hamilton City,Factories and industrial buildings
1.428478063808547,1.7458254441136176,0.11894239476701371,Hamilton City,"Factories, industrial, and storage buildings"
0.3066126217198972,0.45222072315574646,0.06971423729636551,Hamilton City,Farm buildings
0.6070905230564272,0.7571026500981621,0.09953818851395406,Hamilton City,"Hospitals, nursing homes, and other health buildings"
0.27088252663937357,0.42206875417504924,0.07434866935086021,Hamilton City,"Hostels, boarding houses, and prisons"
0.358002143318946,0.46961178305463,0.11318635214907506,Hamilton City,"Hotels, motels, and other short-term accommodation"
0.45121699116942987,0.5471374608954452,0.14502257677800182,Hamilton City,"Hotels, motels, boarding houses, and prisons"
14.467538091871473,17.149280192432947,0.0976002453738582,Hamilton City,Houses
2.336754152509901,2.887705287740763,0.11339847597813615,Hamilton City,Non-residential buildings
0.7206214559781883,0.8952317786698587,0.0676869916374841,Hamilton City,"Office, administration, and public transport buildings"
26.79381333457099,33.39379864580614,0.09780718171823394,Hamilton City,Residential buildings
9.432451011995889,13.577246776522811,0.15104279052381558,Hamilton City,Retirement village units
1.0193789697562654,1.2683217099130175,0.0585517599298833,Hamilton City,"Shops, restaurants, and bars"
0.6099018054099159,0.7458867708628673,0.07870576462461062,Hamilton City,"Social, cultural, and religious buildings"
1.0579324985336926,1.308777912811754,0.13300411494271014,Hamilton City,Storage buildings
17.513594397240215,21.84006652916042,0.06298749921090764,Hamilton City,"Townhouses, flats, units, and other dwellings"
9.844469335344103,12.26490057726215,0.11290216770932704,Hastings District,All buildings
9.54667018254598,12.048150418996407,0.10500019030292701,Hastings District,All construction
0.022628437741429808,0.05780149871602953,NA,Hastings District,Apartments
6.00081044521131,8.272954160788265,0.13058683211446306,Hastings District,"Apartments, townhouses, units, and other dwellings"
1.1344516947037644,1.4181097355129946,0.05246668478632688,Hastings District,Commercial buildings
8.715358951356675,11.294212543090921,0.05020914860442724,Hastings District,Dwelling units
0.7728398634172562,0.9283112215333446,0.07700938927606372,Hastings District,Education buildings
1.1389523522721396,1.4288528274686756,0.0851350509906213,Hastings District,Factories and industrial buildings
1.8713956379228167,2.2677981207724613,0.10566769419660242,Hastings District,"Factories, industrial, and storage buildings"
1.877131383617719,2.2548265236533878,0.11535389137730147,Hastings District,Farm buildings
0.40124443846487645,0.5518079909582929,0.12136578120341447,Hastings District,"Hospitals, nursing homes, and other health buildings"
0.6475285892426553,0.7855504360962857,0.0501677029917157,Hastings District,"Hostels, boarding houses, and prisons"
0.43456177628443887,0.5566849917449518,0.09395162088542443,Hastings District,"Hotels, motels, and other short-term accommodation"
0.80420701480988,0.9639123201422412,0.13644188184198372,Hastings District,"Hotels, motels, boarding houses, and prisons"
5.815113809373644,7.162285271799904,0.1334724938547767,Hastings District,Houses
2.932239966922336,3.7716206790141884,0.06730585711641737,Hastings District,Non-residential buildings
0.6803851819521192,0.8972060193984167,0.0964968696863252,Hastings District,"Office, administration, and public transport buildings"
8.840892097685073,11.271413449085339,0.05291698658560809,Hastings District,Residential buildings
5.118893111667455,7.618723363277942,0.09458139035574928,Hastings District,Retirement village units
0.7138507736161248,0.9173161140607659,0.10466897080560436,Hastings District,"Shops, restaurants, and bars"
0.5477425686319799,0.6709098086121748,0.10038059195837075,Hastings District,"Social, cultural, and religious buildings"
1.2029032782961924,1.460802590664884,0.05474144749707321,Hastings District,Storage buildings
3.040902901420163,3.8662721518553362,0.09438033491394487,Hastings District,"Townhouses, flats, units, and other dwellings"
4.046447624100579,5.0413131515644904,0.18298562936696852,Hauraki District,All buildings
3.99672132730484,4.950269624583104,0.2274670863550093,Hauraki District,All construction
0.02013638929313801,0.05374466965827234,NA,Hauraki District,Apartments
1.3056123020437855,1.552975118057741,0.02429571296307494,Hauraki District,"Apartments, townhouses, units, and other dwellings"
0.43872649720029183,0.6340428292242718,0.11384754671154325,Hauraki District,Commercial buildings
3.4619559168815615,4.182507988423519,0.15543576185357688,Hauraki District,Dwelling units
0.31725857928197204,0.43265378456336184,0.08104652477688219,Hauraki District,Education buildings
0.3987604910927378,0.541092570123081,0.11338697414809866,Hauraki District,Factories and industrial buildings
0.619451396980892,0.7543498073582817,0.053588337906117424,Hauraki District,"Factories, industrial, and storage buildings"
1.7278500192695194,2.1229137414281563,0.07453266995612208,Hauraki District,Farm buildings
0.1259407422567607,0.20709207008940117,0.022036470086917757,Hauraki District,"Hospitals, nursing homes, and other health buildings"
0.008608932937893426,0.024690282612694566,NA,Hauraki District,"Hostels, boarding houses, and prisons"
0.12259341732556212,0.22052390882645634,0.04570663140708255,Hauraki District,"Hotels, motels, and other short-term accommodation"
0.13316713440422956,0.24303229642720367,0.011260018053467243,Hauraki District,"Hotels, motels, boarding houses, and prisons"
3.1539491693178814,3.7722502349463496,0.17408041272556457,Hauraki District,Houses
2.1042194035318165,2.6037319616316235,0.09183973644978582,Hauraki District,Non-residential buildings
0.26120734241679505,0.431774459121868,0.06267129469143527,Hauraki District,"Office, administration, and public transport buildings"
3.3634573810630375,4.0559405823692485,0.16106893993922392,Hauraki District,Residential buildings
0.8717965932575147,1.0521335955686586,0.10929921087829551,Hauraki District,Retirement village units
0.24246308548277334,0.3804789193116802,0.10841077106223133,Hauraki District,"Shops, restaurants, and bars"
0.3192774543469164,0.44394945388569196,0.06925979282079399,Hauraki District,"Social, cultural, and religious buildings"
0.3712457555846514,0.5052593119318903,0.05795988890378032,Hauraki District,Storage buildings
0.6033070301604716,0.80534022193269,0.05020028523614522,Hauraki District,"Townhouses, flats, units, and other dwellings"
5.627475563685099,6.640278107982821,0.18009434764276652,Kaipara District,All buildings
5.701554462644789,6.744999615057492,0.15513425716506457,Kaipara District,All construction
0.07966224881132947,0.10288036876729925,NA,Kaipara District,Apartments
0.6745386664690967,1.0890834178903372,0.08557376401776262,Kaipara District,"Apartments, townhouses, units, and other dwellings"
0.48561954730127277,0.6106005877123785,0.05927516131488812,Kaipara District,Commercial buildings
4.890562113126119,5.958272684326807,0.12141056573885081,Kaipara District,Dwelling units
0.3295256175574549,0.45896836429613763,0.10420757147967294,Kaipara District,Education buildings
0.42781406268930167,0.5337646256121509,0.09142165678357375,Kaipara District,Factories and industrial buildings
0.7246737779790743,0.9273885255575428,0.09236628807985246,Kaipara District,"Factories, industrial, and storage buildings"
2.0724741088019476,2.5944933265123384,0.10461912818162203,Kaipara District,Farm buildings
0.09791176776902807,0.183127272651117,0.014905355117921664,Kaipara District,"Hospitals, nursing homes, and other health buildings"
0.04754666506290534,0.10137043363351675,0.0069970174496930835,Kaipara District,"Hostels, boarding houses, and prisons"
0.2674519272837238,0.43787836705856026,0.1260864735700865,Kaipara District,"Hotels, motels, and other short-term accommodation"
0.3110497229383327,0.47771449035299657,0.06251046195340704,Kaipara District,"Hotels, motels, boarding houses, and prisons"
4.723676051033868,5.703484093254963,0.1507663126893612,Kaipara District,Houses
2.424969630771213,3.0480982623746447,0.0744622750512946,Kaipara District,Non-residential buildings
0.2610910039404795,0.42076145964091916,0.08359319623242857,Kaipara District,"Office, administration, and public transport buildings"
4.766653646363152,5.769691422079101,0.14173293187705707,Kaipara District,Residential buildings
0.07802802555813079,0.26093211777155395,NA,Kaipara District,Retirement village units
0.4031198298209347,0.5393121987196261,0.05239842079802306,Kaipara District,"Shops, restaurants, and bars"
0.3269131683349972,0.47552963049479313,0.04421127837916442,Kaipara District,"Social, cultural, and religious buildings"
0.5895693230617326,0.7410912221641535,0.09140369943970665,Kaipara District,Storage buildings
0.6047222030501871,0.9124846347504885,0.08026326522113715,Kaipara District,"Townhouses, flats, units, and other dwellings"
1.1665952424415285,1.6045764555792081,0.07252345666657717,Kawerau District,All buildings
1.1725527233444155,1.613111360607723,0.06779095492078151,Kawerau District,All construction
0.027530468534166973,0.04694658413148265,NA,Kawerau District,Apartments
0.5761817607293855,1.0895020904782642,0.043381432571733186,Kawerau District,"Apartments, townhouses, units, and other dwellings"
0.05506082198969411,0.10831910218851985,0.008816238065959891,Kawerau District,Commercial buildings
1.0081773765436892,1.4808837055003437,0.06507507794142105,Kawerau District,Dwelling units
0.08418308802253402,0.1868721102019987,0.09219664216123623,Kawerau District,Education buildings
0.27616189035882904,0.39480705749811495,0.08805719183671307,Kawerau District,Factories and industrial buildings
0.34357294553257006,0.47824923822214904,0.05431274860240063,Kawerau District,"Factories, industrial, and storage buildings"
0.11109523919912524,0.24203027488583073,0.08362149413156256,Kawerau District,Farm buildings
6.238188495858814e-12,6.238188495858814e-12,NA,Kawerau District,"Hospitals, nursing homes, and other health buildings"
6.237772740465737e-12,6.237772740465737e-12,NA,Kawerau District,"Hostels, boarding houses, and prisons"
0.011742801434959645,0.020518358404062704,NA,Kawerau District,"Hotels, motels, and other short-term accommodation"
0.00800933532542175,0.014975210470569211,NA,Kawerau District,"Hotels, motels, boarding houses, and prisons"
0.7008678442788854,0.9423976293688195,0.07580212550325509,Kawerau District,Houses
0.45212340425738756,0.5979619478558426,0.09448335416983188,Kawerau District,Non-residential buildings
0.019379520271275437,0.05339669188821634,0.003989340868708022,Kawerau District,"Office, administration, and public transport buildings"
0.9655579851086562,1.4104701247004943,0.06883158820634108,Kawerau District,Residential buildings
0.119686448345521,0.3234383229269342,NA,Kawerau District,Retirement village units
0.03860908103579901,0.05847121921126015,NA,Kawerau District,"Shops, restaurants, and bars"
0.017222341697829095,0.0551834677967338,0.010849570340103616,Kawerau District,"Social, cultural, and religious buildings"
0.1392865201753163,0.24165339440742062,0.03643959928759712,Kawerau District,Storage buildings
0.4290903532054462,0.7844149110750676,0.04241712189439997,Kawerau District,"Townhouses, flats, units, and other dwellings"
8.250364139344956,10.358203748775624,0.11035127811834787,Matamata-Piako District,All buildings
8.297898234261407,10.34814154622895,0.10927543776873049,Matamata-Piako District,All construction
0.14593659338662088,0.35339506574045354,0.03588079131589586,Matamata-Piako District,Apartments
3.6286968803395414,4.33634795014702,0.08133864683199679,Matamata-Piako District,"Apartments, townhouses, units, and other dwellings"
0.5393820963230812,0.6611508936107386,0.047222637432894496,Matamata-Piako District,Commercial buildings
6.906201088428498,8.361581907137268,0.1277743553671765,Matamata-Piako District,Dwelling units
0.49667226037806056,0.6493383648753266,0.028570580269468817,Matamata-Piako District,Education buildings
0.8032400433957163,1.0242176438111192,0.08290252445078676,Matamata-Piako District,Factories and industrial buildings
0.9904406516502301,1.2340855410860891,0.10896662731524466,Matamata-Piako District,"Factories, industrial, and storage buildings"
3.6224762274159326,4.446612400393436,0.11791099343792102,Matamata-Piako District,Farm buildings
0.1792072328779088,0.27821388686801424,0.28384489636027954,Matamata-Piako District,"Hospitals, nursing homes, and other health buildings"
0.1499261093421493,0.25468573088132923,0.08641945925852836,Matamata-Piako District,"Hostels, boarding houses, and prisons"
0.10523232239801314,0.206662153592768,0.043662524804987425,Matamata-Piako District,"Hotels, motels, and other short-term accommodation"
0.211557166751825,0.329597976714992,0.07064008676310582,Matamata-Piako District,"Hotels, motels, boarding houses, and prisons"
5.249096667766571,6.537285678120846,0.1287185525901396,Matamata-Piako District,Houses
3.9325552933745915,4.876761826938222,0.12338964041573224,Matamata-Piako District,Non-residential buildings
0.4320836521775669,0.5772439487372961,0.08924325703592417,Matamata-Piako District,"Office, administration, and public transport buildings"
6.8582816547817655,8.265102454961308,0.10977797940380961,Matamata-Piako District,Residential buildings
2.4776343723733185,3.040779797944635,0.04757172446352095,Matamata-Piako District,Retirement village units
0.3530098645703725,0.5297042050064785,0.0684687544534053,Matamata-Piako District,"Shops, restaurants, and bars"
0.5226597318047425,0.8440998878566971,0.06409709950495823,Matamata-Piako District,"Social, cultural, and religious buildings"
0.6107190576692422,0.77228257877231,0.07494718651202019,Matamata-Piako District,Storage buildings
1.9399091573121647,2.530074742560546,0.05231138746287308,Matamata-Piako District,"Townhouses, flats, units, and other dwellings"
2.0309875468413034,2.50749474563126,0.07854642593879405,Opotiki District,All buildings
2.0043078813287947,2.4801354339464807,0.08052686796934704,Opotiki District,All construction
0.001973463094970139,0.002368507627112685,NA,Opotiki District,Apartments
0.2907042941895068,0.5678374295062486,0.05475042982810517,Opotiki District,"Apartments, townhouses, units, and other dwellings"
0.17248896929286275,0.25872201479666596,0.1242983982210533,Opotiki District,Commercial buildings
1.4980792478658258,1.9658077434521029,0.15747567638537832,Opotiki District,Dwelling units
0.18643129325207863,0.31748486885263477,0.07901910987107855,Opotiki District,Education buildings
0.24074158988336825,0.35469425378674624,0.09135952050709194,Opotiki District,Factories and industrial buildings
0.4610528179211542,0.5938944657036906,0.12435431848014834,Opotiki District,"Factories, industrial, and storage buildings"
0.8566932680602702,1.0655269686046522,0.06681812939310827,Opotiki District,Farm buildings
6.234180301619337e-12,6.234180301619337e-12,NA,Opotiki District,"Hospitals, nursing homes, and other health buildings"
6.236270527759658e-12,6.236270527759658e-12,NA,Opotiki District,"Hostels, boarding houses, and prisons"
0.21597484054801536,0.34970103326477703,0.0063153611724419655,Opotiki District,"Hotels, motels, and other short-term accommodation"
0.21686843809275033,0.3634222456489204,0.03090834484572649,Opotiki District,"Hotels, motels, boarding houses, and prisons"
1.4143106806221315,1.8882179496580478,0.11943135243429433,Opotiki District,Houses
1.1435832312537564,1.3698325644780542,0.09251334648387652,Opotiki District,Non-residential buildings
0.11399953036024485,0.16272718357852492,0.3404535707491423,Opotiki District,"Office, administration, and public transport buildings"
1.4927577740719749,1.9704129624643132,0.14442429257532358,Opotiki District,Residential buildings
6.232206504336313e-12,6.232206504336313e-12,NA,Opotiki District,Retirement village units
0.1399564815960831,0.21465538029936848,0.00979846850418842,Opotiki District,"Shops, restaurants, and bars"
0.2539693135387907,0.40484752439960414,0.022198317628588597,Opotiki District,"Social, cultural, and religious buildings"
0.3393615130879981,0.44462142595247117,0.06220297597589038,Opotiki District,Storage buildings
0.3029828415141512,0.5498631365930676,0.05225799010882884,Opotiki District,"Townhouses, flats, units, and other dwellings"
3.0360507567723594,3.8033100932609596,0.0382303969090326,Otorohanga District,All buildings
2.9999077068434823,3.8002981867009815,0.03040844519871572,Otorohanga District,All construction
6.237064105925801e-12,6.237064105925801e-12,NA,Otorohanga District,Apartments
0.265886073358302,0.44979756651115776,0.09273919052946436,Otorohanga District,"Apartments, townhouses, units, and other dwellings"
0.28004666003284406,0.40493163240646424,0.10471308690469462,Otorohanga District,Commercial buildings
1.8649908754560682,2.3090377388653027,0.14452816189779633,Otorohanga District,Dwelling units
0.083884487712746,0.1910739707511565,0.0431415380435039,Otorohanga District,Education buildings
0.2765504057061561,0.38938699169226715,0.06347525808701777,Otorohanga District,Factories and industrial buildings
0.5244760727878505,0.6914595051276893,0.02855375594780822,Otorohanga District,"Factories, industrial, and storage buildings"
1.657165441579289,2.030337263560478,0.05550536885061723,Otorohanga District,Farm buildings
0.029154333088965517,0.06630779979883156,0.03973630858062626,Otorohanga District,"Hospitals, nursing homes, and other health buildings"
1.0995809832606567,1.708743958713009,0.19922007647114665,Otorohanga District,"Hostels, boarding houses, and prisons"
0.12699435071573528,0.25618997154748674,0.026181477357680245,Otorohanga District,"Hotels, motels, and other short-term accommodation"
1.160981629280341,1.8123695907580897,0.17624626636682508,Otorohanga District,"Hotels, motels, boarding houses, and prisons"
1.8090248157580693,2.2367103845275076,0.13283893293266757,Otorohanga District,Houses
2.55689603653219,3.172295755448413,0.022583497547459957,Otorohanga District,Non-residential buildings
0.18012478630884693,0.26420159156606404,0.09497728834208788,Otorohanga District,"Office, administration, and public transport buildings"
1.8715207076734965,2.3372211185617484,0.12087114095960094,Otorohanga District,Residential buildings
6.236504484132451e-12,6.236504484132451e-12,NA,Otorohanga District,Retirement village units
0.16148889107439574,0.2568474152463919,0.03164940621591972,Otorohanga District,"Shops, restaurants, and bars"
0.18379084190593048,0.2782054169903285,0.1127094565937761,Otorohanga District,"Social, cultural, and religious buildings"
0.29199786098454045,0.45469177319674436,0.07169851261135343,Otorohanga District,Storage buildings
0.24993729144165022,0.4317259513394161,0.07148431173529107,Otorohanga District,"Townhouses, flats, units, and other dwellings"
9.99006233745151,14.406151796693456,0.16606659234415155,Rotorua District,All buildings
10.12164511680603,14.582001824657043,0.15310843484239703,Rotorua District,All construction
2.1059990662521417,5.700969607288266,0.1834607163521141,Rotorua District,Apartments
5.921080271754504,10.116500597742323,0.12592239069602046,Rotorua District,"Apartments, townhouses, units, and other dwellings"
0.7320712391494049,0.92703262683685,0.1093486955734669,Rotorua District,Commercial buildings
9.818103968103726,14.21113996729212,0.1529430757523253,Rotorua District,Dwelling units
0.5677096411883313,0.6986799037534405,0.08030930040246353,Rotorua District,Education buildings
0.7790123710512287,1.0180300561432927,0.10684760727795486,Rotorua District,Factories and industrial buildings
0.8760288341591755,1.0879002276430287,0.09107193880777194,Rotorua District,"Factories, industrial, and storage buildings"
1.5175798720783658,1.8594081197765426,0.1336728499785074,Rotorua District,Farm buildings
0.2185346007558514,0.3753390382172458,0.03761778116067939,Rotorua District,"Hospitals, nursing homes, and other health buildings"
0.02963533596146878,0.0791012579673461,NA,Rotorua District,"Hostels, boarding houses, and prisons"
0.3417705511056637,0.4508724505806725,0.12937499981704184,Rotorua District,"Hotels, motels, and other short-term accommodation"
0.34885433609451866,0.4615958682739725,0.14929441235392737,Rotorua District,"Hotels, motels, boarding houses, and prisons"
5.4634640084372625,6.9389942942473235,0.1124891208893802,Rotorua District,Houses
2.2375581317477757,2.7385495814496137,0.09776458178998346,Rotorua District,Non-residential buildings
0.4853762043588277,0.6056889742342386,0.07701143780142852,Rotorua District,"Office, administration, and public transport buildings"
9.872418581114875,14.29030025886539,0.1435847758461199,Rotorua District,Residential buildings
2.111552893841791,3.645717414606142,0.12317964713288729,Rotorua District,Retirement village units
0.5731621655409173,0.731441536893508,0.10409968371358075,Rotorua District,"Shops, restaurants, and bars"
0.595840169803705,0.7260665472790989,0.09825469485760455,Rotorua District,"Social, cultural, and religious buildings"
0.48558465004639906,0.6077491330762371,0.06187378835526875,Rotorua District,Storage buildings
3.6589633412943736,5.160375589831428,0.08579360484270826,Rotorua District,"Townhouses, flats, units, and other dwellings"
3.9027997520234847,5.078746065658163,0.09255232517866435,South Waikato District,All buildings
3.829486718442705,4.978213351744278,0.10653316909818872,South Waikato District,All construction
0.06296634079589682,0.18050456280845542,NA,South Waikato District,Apartments
0.6651061068433692,1.4931961703997836,0.02937472159831525,South Waikato District,"Apartments, townhouses, units, and other dwellings"
0.4573207643261412,0.5938111535962425,0.1282505230233838,South Waikato District,Commercial buildings
2.970646821624703,3.992824221292145,0.07694673597858095,South Waikato District,Dwelling units
0.35596537795839445,0.47293994439094206,0.10531486993516086,South Waikato District,Education buildings
0.7368904130282722,0.870914871535101,0.08571987858377002,South Waikato District,Factories and industrial buildings
0.8306508827181662,0.9599399562634701,0.1235872618120547,South Waikato District,"Factories, industrial, and storage buildings"
1.8080850722889106,2.347442230709676,0.1033508368052091,South Waikato District,Farm buildings
0.038193388749550354,0.08414049544516686,0.47301208108411213,South Waikato District,"Hospitals, nursing homes, and other health buildings"
0.019389675853848407,0.05517488982368116,0.9925860194106776,South Waikato District,"Hostels, boarding houses, and prisons"
0.019645101358156933,0.05034810251894817,NA,South Waikato District,"Hotels, motels, and other short-term accommodation"
0.0314985694800182,0.08485788862309031,0.9386006568203961,South Waikato District,"Hotels, motels, boarding houses, and prisons"
2.7854570983184708,3.3908039280906848,0.08408894527322698,South Waikato District,Houses
1.9593587928348117,2.4068484576887363,0.11561471189792286,South Waikato District,Non-residential buildings
0.2651490240441894,0.3821247078812923,0.1701271956130318,South Waikato District,"Office, administration, and public transport buildings"
2.929904350803958,3.9577783326747844,0.03409693307768152,South Waikato District,Residential buildings
0.295892210277574,0.8481400902893196,NA,South Waikato District,Retirement village units
0.2977515185255066,0.4387624697103174,0.24574642035608038,South Waikato District,"Shops, restaurants, and bars"
0.31073740307222375,0.5187896669634715,0.03281924225769426,South Waikato District,"Social, cultural, and religious buildings"
0.4843774722707975,0.59730385759893,0.06150589951455446,South Waikato District,Storage buildings
0.33477033767913883,0.5584119893263668,0.09288154634890025,South Waikato District,"Townhouses, flats, units, and other dwellings"
6.6493209520975745,8.292551867992199,0.12501117069359638,Taupo District,All buildings
6.931308470831977,8.595427016786191,0.11853867803595923,Taupo District,All construction
0.23406821234743214,0.5161319325687422,0.21758381213879596,Taupo District,Apartments
2.831894055663401,4.224615270187846,0.03136745907913627,Taupo District,"Apartments, townhouses, units, and other dwellings"
0.7051210408590527,0.8751733057898934,0.07369437256345768,Taupo District,Commercial buildings
6.051416495111254,7.565309682146323,0.10527770543285397,Taupo District,Dwelling units
0.2994670806276796,0.41009245061754207,0.1369328793005126,Taupo District,Education buildings
0.871087405928928,1.091035788443587,0.056904665167601204,Taupo District,Factories and industrial buildings
1.3727080698642466,1.7191490646571956,0.09546135907633713,Taupo District,"Factories, industrial, and storage buildings"
1.9514168108503025,2.423640193160224,0.08613788215933743,Taupo District,Farm buildings
0.15300057275444487,0.262654040305079,0.07077105134141086,Taupo District,"Hospitals, nursing homes, and other health buildings"
0.3404381426486459,0.4393472238618548,0.23234712453098266,Taupo District,"Hostels, boarding houses, and prisons"
0.2959503896063931,0.41904696464859026,0.1314724846320582,Taupo District,"Hotels, motels, and other short-term accommodation"
0.5355555524286401,0.6801707332180882,0.11582450846343875,Taupo District,"Hotels, motels, boarding houses, and prisons"
4.994517605834537,6.2840558127227295,0.107233051867515,Taupo District,Houses
2.437233148680793,2.996024529844936,0.1440514274849779,Taupo District,Non-residential buildings
0.5579873245487559,0.7003603668179916,0.07080066662600223,Taupo District,"Office, administration, and public transport buildings"
6.002217210663689,7.540509392945909,0.10836449850603354,Taupo District,Residential buildings
0.9214845735590211,2.1157414044657403,0.0541667002417216,Taupo District,Retirement village units
0.5454565729467302,0.6867296841512059,0.0809989854814899,Taupo District,"Shops, restaurants, and bars"
0.487951237273713,0.6665175416958953,0.09277679360407275,Taupo District,"Social, cultural, and religious buildings"
0.8107763531048678,1.0061579592405578,0.051430981835630794,Taupo District,Storage buildings
1.953892979090516,2.8519421488259997,0.0436810960822813,Taupo District,"Townhouses, flats, units, and other dwellings"
24.415142991807727,30.103817870484054,0.1498180937281402,Tauranga City,All buildings
25.044273334079318,30.719312106306365,0.1513622029776356,Tauranga City,All construction
5.6273444451939385,11.027774859855295,0.05365884935888988,Tauranga City,Apartments
16.210860640169187,22.569765229851157,0.07395527591812456,Tauranga City,"Apartments, townhouses, units, and other dwellings"
1.5499536294593579,1.9444239700203578,0.03869449539408985,Tauranga City,Commercial buildings
23.668619389004178,29.82503164058716,0.12698438163015907,Tauranga City,Dwelling units
1.146212765057054,1.391777815727889,0.09829503823874801,Tauranga City,Education buildings
1.224611849528608,1.5283048918796627,0.09005203188785951,Tauranga City,Factories and industrial buildings
1.6543951036201583,2.0014658375581638,0.12833914640861716,Tauranga City,"Factories, industrial, and storage buildings"
0.5082233332356231,0.6414116456995156,0.07945817376586486,Tauranga City,Farm buildings
0.9051246862877936,1.0579482192740706,0.03931829564377031,Tauranga City,"Hospitals, nursing homes, and other health buildings"
0.061096197671821374,0.11626518869949354,0.11182856418262101,Tauranga City,"Hostels, boarding houses, and prisons"
0.5170246632013207,0.787625851548314,0.1813612748166882,Tauranga City,"Hotels, motels, and other short-term accommodation"
0.40817935392891136,0.6545878100338122,0.1359118293611452,Tauranga City,"Hotels, motels, boarding houses, and prisons"
16.943433973524307,19.633919232136225,0.15773820976982436,Tauranga City,Houses
2.790087419748306,3.3606140854788347,0.07775969713367517,Tauranga City,Non-residential buildings
1.121576762954808,1.47719895111994,0.10317933602562171,Tauranga City,"Office, administration, and public transport buildings"
23.18030415640937,29.231181311752906,0.14200509126944005,Tauranga City,Residential buildings
11.435723774300682,16.868600474353766,0.10812679880590836,Tauranga City,Retirement village units
0.9864299640809703,1.281012682684234,0.10706124548684477,Tauranga City,"Shops, restaurants, and bars"
0.8345082578580736,1.0622893159782096,0.04290159953359884,Tauranga City,"Social, cultural, and religious buildings"
1.1998608861532476,1.450181196834753,0.056848493199492964,Tauranga City,Storage buildings
6.21649852100915,8.423411488704595,0.18914282504457394,Tauranga City,"Townhouses, flats, units, and other dwellings"
6.922585619820489,8.548509954133559,0.10182663423578235,Thames-Coromandel District,All buildings
6.811994772487217,8.41714257979903,0.10954310734141141,Thames-Coromandel District,All construction
0.26244623215134444,0.5504757401701412,0.06104242817829381,Thames-Coromandel District,Apartments
2.4783663443341437,3.652275298964355,0.09911998573386835,Thames-Coromandel District,"Apartments, townhouses, units, and other dwellings"
0.6530686370562762,0.8183465910530316,0.04450211218896099,Thames-Coromandel District,Commercial buildings
6.538277697563172,8.125098447697734,0.06288121982931064,Thames-Coromandel District,Dwelling units
0.3372559444448497,0.4961407597082188,0.04728719317869636,Thames-Coromandel District,Education buildings
0.5819464270232453,0.7568424953406454,0.14615727555306152,Thames-Coromandel District,Factories and industrial buildings
0.8144368658967627,1.0143505665005983,0.07899544349768244,Thames-Coromandel District,"Factories, industrial, and storage buildings"
1.169167695277267,1.4091188834328625,0.1432380257616081,Thames-Coromandel District,Farm buildings
0.04067958156461293,0.09918581606738154,0.1465539316200071,Thames-Coromandel District,"Hospitals, nursing homes, and other health buildings"
0.00962163573297861,0.026678681497744817,NA,Thames-Coromandel District,"Hostels, boarding houses, and prisons"
0.44188025592334773,0.5611412904681248,0.13372990736979745,Thames-Coromandel District,"Hotels, motels, and other short-term accommodation"
0.45756956157387724,0.5818307718260385,0.13085426175524367,Thames-Coromandel District,"Hotels, motels, boarding houses, and prisons"
5.503900779618157,6.56907751929896,0.08619275513509307,Thames-Coromandel District,Houses
1.7447022983597384,2.099913475710947,0.1646625601412206,Thames-Coromandel District,Non-residential buildings
0.332334513178244,0.49429419881579445,0.0731507177330295,Thames-Coromandel District,"Office, administration, and public transport buildings"
6.536825693978204,8.057051013261521,0.061343886816600295,Thames-Coromandel District,Residential buildings
1.2575204289679984,2.162327435664164,0.04381536114499873,Thames-Coromandel District,Retirement village units
0.5363264228854354,0.6627471866632217,0.06056189789666804,Thames-Coromandel District,"Shops, restaurants, and bars"
0.41328714550343443,0.5915862140579523,0.07907828260391338,Thames-Coromandel District,"Social, cultural, and religious buildings"
0.5420575807388458,0.6543604087337305,0.09160099923528495,Thames-Coromandel District,Storage buildings
1.6529304321596605,2.227601697193389,0.09878077438694483,Thames-Coromandel District,"Townhouses, flats, units, and other dwellings"
14.9706511815389,18.001474845573288,0.09089038336971221,Waikato District,All buildings
14.96609616809421,18.25304130593657,0.09169323761914491,Waikato District,All construction
1.086463584307055,2.0988705257557863,0.06899055131003315,Waikato District,Apartments
5.3062176668809515,7.758251883663171,0.13530861083143975,Waikato District,"Apartments, townhouses, units, and other dwellings"
0.795449925845282,0.9840087067910478,0.12709982496147784,Waikato District,Commercial buildings
13.63598600493537,16.366625529334765,0.1099806036115692,Waikato District,Dwelling units
3.826334564284318,4.816650185733823,0.061385091085052086,Waikato District,Education buildings
1.0343530243185037,1.349827608712102,0.08163570851400424,Waikato District,Factories and industrial buildings
1.353275435213517,1.7466085795482962,0.13869634870495348,Waikato District,"Factories, industrial, and storage buildings"
3.619289271036784,4.597773507529816,0.06715527230144634,Waikato District,Farm buildings
0.21385195146849245,0.3243442867845856,0.05550136607168489,Waikato District,"Hospitals, nursing homes, and other health buildings"
0.2801315149810155,0.5304986786468764,0.08510010863105273,Waikato District,"Hostels, boarding houses, and prisons"
0.7699548293571247,0.9885692162143781,0.05149650786651047,Waikato District,"Hotels, motels, and other short-term accommodation"
0.9077371629834589,1.232223642166808,0.08762208144697634,Waikato District,"Hotels, motels, boarding houses, and prisons"
12.28523193995158,14.759192177512432,0.12113026409130692,Waikato District,Houses
5.55174200269911,6.936669458358321,0.060051692905973834,Waikato District,Non-residential buildings
0.6015942466277112,0.7540170383530669,0.08403086313784827,Waikato District,"Office, administration, and public transport buildings"
13.983393775092232,16.767094181587954,0.09788186962223175,Waikato District,Residential buildings
2.849041256505168,4.19876518579492,0.09748753975767563,Waikato District,Retirement village units
0.5533043757016357,0.6621233280794351,0.11304967301943533,Waikato District,"Shops, restaurants, and bars"
0.8212937861991425,1.0471434144764742,0.09167109808632196,Waikato District,"Social, cultural, and religious buildings"
0.8089565394601475,1.01350404756607,0.09816256455508911,Waikato District,Storage buildings
3.6411501099252037,5.198216866797156,0.06938040011692993,Waikato District,"Townhouses, flats, units, and other dwellings"
14.226036802927654,17.67563579193045,0.07858191148855684,Waipa District,All buildings
13.91173849105835,17.40495677308607,0.08249514075497252,Waipa District,All construction
1.9899668742920147,2.826891197871475,0.03727940408656717,Waipa District,Apartments
7.834763286511103,10.319441545867388,0.09399971112355371,Waipa District,"Apartments, townhouses, units, and other dwellings"
0.9194818030008012,1.0737290827747517,0.06009355376580711,Waipa District,Commercial buildings
12.447472959094577,15.742730437961413,0.05540789595294166,Waipa District,Dwelling units
0.7308328345909507,0.8734440050495987,0.12094316193284517,Waipa District,Education buildings
0.7704344214043684,0.9506219183916365,0.1310614087154357,Waipa District,Factories and industrial buildings
1.1074191204375692,1.3715096463662486,0.13285116749645418,Waipa District,"Factories, industrial, and storage buildings"
2.825599996248881,3.572329386531712,0.05995876730358568,Waipa District,Farm buildings
0.4116993388613183,0.5732317572569426,0.1113568591507197,Waipa District,"Hospitals, nursing homes, and other health buildings"
0.16634632230922458,0.25028059609330633,0.013159857694988867,Waipa District,"Hostels, boarding houses, and prisons"
0.33744302788854963,0.6216108435123628,0.041833613705327656,Waipa District,"Hotels, motels, and other short-term accommodation"
0.41972486267493675,0.6914610046577,0.04127285829088962,Waipa District,"Hotels, motels, boarding houses, and prisons"
8.157170486450195,9.902091464623469,0.11493414252653894,Waipa District,Houses
3.310992956161499,4.191182717631094,0.15228495508520212,Waipa District,Non-residential buildings
0.5617944954117572,0.6889281883844904,0.03676377410960107,Waipa District,"Office, administration, and public transport buildings"
12.488923867543539,15.687772359877496,0.06916784274950129,Waipa District,Residential buildings
6.451045262896352,8.775579546799484,0.05213693273673863,Waipa District,Retirement village units
0.7250211482971078,0.8565073597674548,0.04281267625181222,Waipa District,"Shops, restaurants, and bars"
0.5316978075832595,0.6676735704653021,0.08010636486742743,Waipa District,"Social, cultural, and religious buildings"
0.8009010665429135,1.0236385843745563,0.11070660438311104,Waipa District,Storage buildings
2.7875976900828796,3.9020503508958244,0.10147647092047281,Waipa District,"Townhouses, flats, units, and other dwellings"
1.536797021391491,2.0668178140013094,0.05969935246582309,Wairoa District,All buildings
1.5508013943210244,2.0869723084776886,0.0812243094087711,Wairoa District,All construction
6.232778558314574e-12,6.232778558314574e-12,NA,Wairoa District,Apartments
0.11431424128257278,0.24688732869979435,0.022191654086027066,Wairoa District,"Apartments, townhouses, units, and other dwellings"
0.16219811967328704,0.2964360377645758,0.02017336828058272,Wairoa District,Commercial buildings
1.0018440935346815,1.3751882522904069,0.059150983233010566,Wairoa District,Dwelling units
0.035259697978331436,0.0856814860250132,0.011046050455720078,Wairoa District,Education buildings
0.24342850216123174,0.42640028886531695,0.09713977644236403,Wairoa District,Factories and industrial buildings
0.30913154720366076,0.4722014807488098,0.12271108345851235,Wairoa District,"Factories, industrial, and storage buildings"
0.7740564617276605,0.9560302843799388,0.09126178624755238,Wairoa District,Farm buildings
0.03746953444797717,0.06576265568940799,NA,Wairoa District,"Hospitals, nursing homes, and other health buildings"
0.10930372840396162,0.1713581681924364,0.007605816593834374,Wairoa District,"Hostels, boarding houses, and prisons"
0.00732468762164954,0.01431810196252707,NA,Wairoa District,"Hotels, motels, and other short-term accommodation"
0.10372631979582254,0.16438581977513145,0.009867838216723093,Wairoa District,"Hotels, motels, boarding houses, and prisons"
0.9419036442827847,1.2827926173938673,0.07181004024873881,Wairoa District,Houses
0.9602505121587052,1.1730089314987038,0.10743708093183905,Wairoa District,Non-residential buildings
0.09961876051997204,0.2291268110765364,0.0077497761112637654,Wairoa District,"Office, administration, and public transport buildings"
1.0420720436558542,1.408176729504997,0.06457239395054877,Wairoa District,Residential buildings
6.23706034735827e-12,6.23706034735827e-12,NA,Wairoa District,Retirement village units
0.05564736958516049,0.09315185214108596,NA,Wairoa District,"Shops, restaurants, and bars"
0.16518564383661083,0.2581322319409503,0.013885588914272474,Wairoa District,"Social, cultural, and religious buildings"
0.10627739257490612,0.18156924936310795,0.19876933685268797,Wairoa District,Storage buildings
0.10845377037157491,0.2439668149098441,0.02053399021510468,Wairoa District,"Townhouses, flats, units, and other dwellings"
2.6798518132832316,3.2986218440786277,0.1206518263306017,Waitomo District,All buildings
2.6512821386257808,3.2905979986358003,0.12190700095683525,Waitomo District,All construction
0.021627551169895863,0.07292247377736488,NA,Waitomo District,Apartments
0.5970125815685606,1.0072309050098458,0.06600734251446232,Waitomo District,"Apartments, townhouses, units, and other dwellings"
0.2659523570743052,0.3742602054951196,0.038710774608942185,Waitomo District,Commercial buildings
1.6418692887346777,2.1679275427713356,0.0635858271336218,Waitomo District,Dwelling units
0.18979344189352315,0.31600689371245533,0.07919360825775809,Waitomo District,Education buildings
0.36795443686132784,0.5009500584473647,0.09897677778740424,Waitomo District,Factories and industrial buildings
0.5104685010427299,0.6681698514386573,0.09141709550103043,Waitomo District,"Factories, industrial, and storage buildings"
1.3109287055002319,1.5731223461420016,0.13364252111725727,Waitomo District,Farm buildings
0.016936078258325157,0.04644412499360916,NA,Waitomo District,"Hospitals, nursing homes, and other health buildings"
0.020822934533502452,0.06367951095100068,0.023219961965556094,Waitomo District,"Hostels, boarding houses, and prisons"
0.14664468055826985,0.2877200855782016,0.02677441777536666,Waitomo District,"Hotels, motels, and other short-term accommodation"
0.15946068463367566,0.3244558457499908,0.03666095458750906,Waitomo District,"Hotels, motels, boarding houses, and prisons"
1.302180741865757,1.640093148056333,0.08117689244885556,Waitomo District,Houses
1.6794897513464093,1.9926305701053406,0.13395532276174224,Waitomo District,Non-residential buildings
0.1317770546180844,0.2559699048544124,0.02248732079648921,Waitomo District,"Office, administration, and public transport buildings"
1.6477626777254044,2.1709986836025896,0.05963960911916434,Waitomo District,Residential buildings
0.048979539165631934,0.1527549325935734,NA,Waitomo District,Retirement village units
0.1916235423913248,0.2941321454049332,0.00869964984592555,Waitomo District,"Shops, restaurants, and bars"
0.32952144834998764,0.44257271445925006,0.0905038593812627,Waitomo District,"Social, cultural, and religious buildings"
0.2775678997775887,0.4474223864687648,0.06972028261814738,Waitomo District,Storage buildings
0.6464991405086443,1.0580363696441244,0.038515106503715583,Waitomo District,"Townhouses, flats, units, and other dwellings"
11.452688111199272,13.720140379454813,0.09699103328098335,Western Bay of Plenty District,All buildings
11.829318761825562,14.106114372941127,0.10811548046496955,Western Bay of Plenty District,All construction
0.042505294633218005,0.1292349711584929,NA,Western Bay of Plenty District,Apartments
4.4327008407511235,6.22967629843679,0.13232305494965096,Western Bay of Plenty District,"Apartments, townhouses, units, and other dwellings"
0.6004451802052143,0.7464580370551773,0.045671856681609634,Western Bay of Plenty District,Commercial buildings
10.000406821568808,12.107712934872826,0.07116868040552578,Western Bay of Plenty District,Dwelling units
0.49163314587074436,0.6086293037332292,0.0694837307219033,Western Bay of Plenty District,Education buildings
0.6528381740105235,0.8034443030016053,0.12694282957311118,Western Bay of Plenty District,Factories and industrial buildings
1.1956604188101159,1.4628169874413708,0.12096658681545282,Western Bay of Plenty District,"Factories, industrial, and storage buildings"
2.6266260769632126,3.286177242473499,0.053862387097168375,Western Bay of Plenty District,Farm buildings
0.24198588388667303,0.36229328410765815,0.06332307709041793,Western Bay of Plenty District,"Hospitals, nursing homes, and other health buildings"
0.26313234039407013,0.38122985930827347,0.08733755746636998,Western Bay of Plenty District,"Hostels, boarding houses, and prisons"
0.3868329415589364,0.5210831377025048,0.15438929863371142,Western Bay of Plenty District,"Hotels, motels, and other short-term accommodation"
0.5534849988958336,0.7027748887904317,0.11030798371008722,Western Bay of Plenty District,"Hotels, motels, boarding houses, and prisons"
7.833214473724365,9.269176834610061,0.08671815492816656,Western Bay of Plenty District,Houses
3.3852633741166858,4.166355912609332,0.0728583681830661,Western Bay of Plenty District,Non-residential buildings
0.333127084704918,0.5052743588068406,0.10994972682739845,Western Bay of Plenty District,"Office, administration, and public transport buildings"
9.755022872818842,11.772367411661536,0.05154009652967869,Western Bay of Plenty District,Residential buildings
2.349694261740337,3.6078562765096707,0.14552865646667315,Western Bay of Plenty District,Retirement village units
0.47625960034007825,0.6130306514927077,0.0949634304418564,Western Bay of Plenty District,"Shops, restaurants, and bars"
0.47939323235768827,0.6286364069047558,0.07114245819665357,Western Bay of Plenty District,"Social, cultural, and religious buildings"
0.8886860240570968,1.1205517143786297,0.12828121773743922,Western Bay of Plenty District,Storage buildings
2.859816561648687,3.9430697374266335,0.11966978331952577,Western Bay of Plenty District,"Townhouses, flats, units, and other dwellings"
5.166022366947598,6.524859293729952,0.09890000481094954,Whakatane District,All buildings
5.1060295952690975,6.437934451022039,0.08350277163580348,Whakatane District,All construction
0.30386289425308677,0.6670596572261673,0.45210434923683374,Whakatane District,Apartments
1.8670668611406451,2.742636056280963,0.04438001623629784,Whakatane District,"Apartments, townhouses, units, and other dwellings"
0.40275671359850096,0.5289650559305631,0.038701566106975394,Whakatane District,Commercial buildings
4.445685267448425,5.637291316684726,0.07466802041239112,Whakatane District,Dwelling units
0.5057814739993773,0.65825819373422,0.07528584239014968,Whakatane District,Education buildings
0.4877401179077828,0.5963867282451627,0.070849010932053,Whakatane District,Factories and industrial buildings
0.6992545638155813,0.8783527301772056,0.07040105814972548,Whakatane District,"Factories, industrial, and storage buildings"
1.6959269324110613,2.047509187400552,0.07351021971667442,Whakatane District,Farm buildings
0.22445052151518766,0.3310559103545313,0.06845104335373549,Whakatane District,"Hospitals, nursing homes, and other health buildings"
0.02553697976335445,0.06128118153725677,NA,Whakatane District,"Hostels, boarding houses, and prisons"
0.21502569619009995,0.3849737783167564,0.12457142095958587,Whakatane District,"Hotels, motels, and other short-term accommodation"
0.2316190921429855,0.39636771459440545,0.1500457221213234,Whakatane District,"Hotels, motels, boarding houses, and prisons"
3.5828413234816656,4.440218824585643,0.16447905957648262,Whakatane District,Houses
2.028163395325343,2.503634476137563,0.05355391399706897,Whakatane District,Non-residential buildings
0.3027631206172777,0.4187446599428759,0.04387527408688747,Whakatane District,"Office, administration, and public transport buildings"
4.42476736108462,5.644611580428962,0.08250556127052874,Whakatane District,Residential buildings
0.7982523257963012,1.1892895983576166,0.016459884050570923,Whakatane District,Retirement village units
0.19231498484322299,0.32463241248213714,0.15679700819006595,Whakatane District,"Shops, restaurants, and bars"
0.5780265976131583,0.7681458558359754,0.11372906003402669,Whakatane District,"Social, cultural, and religious buildings"
0.499552715735303,0.6640765327878382,0.07625006405730025,Whakatane District,Storage buildings
1.2064741912655437,1.8590447474570095,0.05430019732275161,Whakatane District,"Townhouses, flats, units, and other dwellings"
15.166677358415392,19.35274030011823,0.08664962152802103,Whangarei District,All buildings
15.286387221018474,19.426044038532225,0.08272940435740109,Whangarei District,All construction
1.2784351879573732,2.780150545505015,0.1630418686218781,Whangarei District,Apartments
8.974922611949863,13.173194819263701,0.05791508116543729,Whangarei District,"Apartments, townhouses, units, and other dwellings"
0.8309271610398558,0.9976284886580827,0.11120133517316526,Whangarei District,Commercial buildings
14.877510600619846,18.82804897748489,0.09044261517065615,Whangarei District,Dwelling units
0.8433564998571658,1.0515532654470197,0.11366369140052218,Whangarei District,Education buildings
0.8479685802012682,1.0130634896588706,0.08580398784719545,Whangarei District,Factories and industrial buildings
1.266159122602807,1.5530389242837994,0.05071177036193193,Whangarei District,"Factories, industrial, and storage buildings"
2.523680940601561,3.116560337934629,0.11818951261128283,Whangarei District,Farm buildings
0.33981391069860867,0.4750683940460634,0.060400925546438784,Whangarei District,"Hospitals, nursing homes, and other health buildings"
0.06077648621258824,0.10343397071223626,0.0029512650537274494,Whangarei District,"Hostels, boarding houses, and prisons"
0.2961547703718275,0.4577392521324393,0.11936937456465745,Whangarei District,"Hotels, motels, and other short-term accommodation"
0.3086022514533801,0.45511292378938434,0.10262211591314355,Whangarei District,"Hotels, motels, boarding houses, and prisons"
9.539224476284451,11.669457974763409,0.069335514662847,Whangarei District,Houses
3.350286934110853,4.126879418021621,0.08857767512209559,Whangarei District,Non-residential buildings
0.575306082263382,0.7071943460027689,0.06356977657897826,Whangarei District,"Office, administration, and public transport buildings"
14.26304678387112,18.144569827504156,0.07910289170716361,Whangarei District,Residential buildings
8.015465105775123,11.790693850797544,0.07838957400282758,Whangarei District,Retirement village units
0.7484865873392361,0.9099643378789791,0.06126986899751066,Whangarei District,"Shops, restaurants, and bars"
0.4532455091157721,0.57391863358931,0.11178336812773247,Whangarei District,"Social, cultural, and religious buildings"
0.8877154405764789,1.115585115583824,0.10535856538558779,Whangarei District,Storage buildings
2.7477819448822025,3.8188185640456878,0.0859005680630074,Whangarei District,"Townhouses, flats, units, and other dwellings"
